V1,V2,V3,V4,V5,V6,V7,V8,V9,V10,V11,V12,V13,V14,V15,V16,V17,V18,V19,V20
0.2738562074445034,-0.03667220177909599,0.8547269375045241,0.9675242147017558,1.4154897527326755,0.523405872097659,0.5626881793672599,1.111223327123962,1.6408213910854117,0.6187067074458031,0.9999348274197986,-0.07841916037655446,-0.6033261039426868,0.03323167883701162,-0.7008845306993122,1.1578379308888813,1.4578155933519548,0.7749069921712365,-1.2685177390890183,1.9935800086325381
2.2448168926863934,-0.5460300161429934,0.23406506726493007,-1.3350304266626702,1.3130758167705026,0.5212745848206746,-0.6100346250974621,-0.8613965051964665,-0.27046346058682974,0.2300825337464308,-0.10570897864550781,0.16314122142929466,0.7620766112352716,0.6781200346580618,-0.528266982696816,-0.8791547712276098,-0.4729134019516917,-1.1171730872247145,-0.7377321287025418,-1.078792932566023
-0.12542303441756336,-0.6068782019262872,-0.8539216938174994,-0.14877720261347532,-0.66468279011433,0.606616412277758,0.16172065004639546,-0.8627216524916217,0.6042101534714345,1.1939768133698339,0.5012509381346141,-0.9452059198099373,0.3989026312119812,-0.7647850466108171,1.2854018714512239,0.6448767098206942,0.1792455282411421,0.04473756414756566,1.1053071079921748,0.3040545161293155
-0.5435734412881201,1.1083582727468109,-0.10424799404609399,1.0165262276649891,0.6999041771169903,1.6550164197339343,0.4899634641982775,0.023382087964137117,0.2560303701917882,-0.12731396453631486,-0.06262846271265748,0.6419546808004064,0.07548198401323618,-1.3784643975293187,-1.024739045746802,-2.118361520270695,-0.4695345060280222,0.6977961615668647,0.8656361771310467,-0.7894895112192373
-1.459398393980609,-0.27449452253039675,0.11190596161132814,-0.8517876998881578,0.31528386702352584,1.0507492823285662,1.3863575295111166,0.284501037678726,1.140497599308946,2.6813459746657333,-1.0147338648947897,0.36704372180483286,1.7375974452076808,-1.2661270561514995,1.4519994527854658,-0.7894756417024513,-0.9843859657036372,-1.6370099271509393,-0.5829168048300871,-1.5289103622922562
1.063208074886988,-0.7535231747116916,-1.3825534124283694,1.0762269848016779,0.37003310400274747,1.4987212376241874,-0.3604525321251786,-0.21421570571788137,1.826648307727347,0.8711224747191126,-0.06372927788079914,1.0050710993351533,0.3152078638811717,0.5367184571610786,-1.2624227222261177,-1.584866153663653,-0.6314991263411783,-1.8787435037174678,0.45042869803973334,1.4422642624152242
0.11584499201427563,-0.9663023841888013,0.2741791796512715,0.0185310251454063,-0.2103872279295331,0.544089446635639,-2.505489366818684,2.1962690285851925,0.5925269802389895,-1.0875970332355485,-1.4646044754652474,0.5727184248520201,-0.6211307172926198,-0.6448629192597161,-1.3504731451071914,0.38342159100364803,1.2629832215076005,1.560769299999618,-0.9633948623497877,-0.2451020261585228
0.3897067272676541,0.3997942844988251,-0.466669818239119,0.47762812006279515,0.8482912946619422,0.2574352924544307,-0.09949484610180703,0.9990142443741465,-0.1925355962356136,-0.4041913485110822,2.2074000850515456,-1.0587794493781872,0.09572558742076293,0.661150265730257,-0.12470527778769759,-0.4361755991315964,1.559332931591132,0.7051005858435045,-0.8577816116541144,-0.7328206335669334
0.19315725786312274,0.19723425872283562,-1.2431180356941456,1.9093606967946313,0.11485459159385061,0.451589685588059,-0.26714044644991314,-0.2734677924509058,-1.611102265049504,-0.3255575284296205,-0.6787008314879259,-0.4790520369595494,0.40779123006398954,0.2764092574511584,0.03406186216958098,0.6861924419836293,0.5294934213565847,0.8769633742470793,-0.5081506128047971,-0.8351637830171987
-0.09642554980232614,1.1771587269018438,2.551547662656031,0.9556895152080546,0.025572108373731414,-0.04560282548015437,-0.6594526267515485,0.03918787712853029,0.1716838933342494,0.6433881992515654,-1.2375530289315637,2.1802459985361757,-0.5260140978629774,-0.3187122370267538,-0.7251552875065748,-1.193869876866404,0.1683732768260339,0.486037875848119,2.594681034830878,-0.8471988592021356
-0.9419834294424899,-0.652854315411587,-0.9381816206328532,0.4068957267996648,-0.8296583431403491,-0.06167500016869732,1.3659787194056048,2.653596209152752,1.0020680988629571,1.041338115914425,-0.387386434494066,-0.41143177378033396,1.4643640686478299,2.175218691744585,-0.48486212484680763,1.9288941157332011,0.0015426198479614908,-1.4662824215507146,-1.115292098989738,0.5870065094536827
-0.07628926876240955,1.0724269164074174,1.458530390530569,-0.6393061107087197,0.8136280544302334,-0.74447546618081,1.1765401355229828,-0.0551003162437021,0.18986932072546742,0.06518990032661169,0.07063198282849811,-0.22732351765364994,-0.13580219907948302,-0.36734157902699893,-1.961105167715857,-0.4842618822823367,0.29738787493299046,-0.35030457801332265,-0.3323613417094661,-0.17300441711948075
0.8096491969702233,-0.018351384910525927,-0.6544142255165083,-1.490439584051945,-0.8281588723063659,-1.1227836355552245,0.14655904360352917,-0.39905215228997565,-1.4014517846517953,-1.1257888657290394,-0.40766519179706195,-0.9699914439134989,-1.9904698468209012,-2.4621914695552456,0.4592391070542195,-0.30952854986451106,-1.2049631909490781,-0.4187791238505951,-3.0643549877267873,-0.1496193243845777
0.7472790089551301,-0.524884045293033,1.4236374453838019,-1.318338213646632,0.21466112363812465,0.9125907092231478,-0.41241087633496415,-0.7198300588726357,-0.8022766020913431,-0.9404590486016047,-0.5945410162867865,0.761264221022891,-0.019617163698000272,0.39667347503398087,-0.5995352606515643,0.2372847152735377,0.889581131808279,0.011706150336852718,-0.04416994706082078,0.07098170464767148
-1.4167012967286912,-0.7631401271052753,0.8689671303404685,-0.7789022036859021,-1.2765049580180032,-0.41216045333810875,0.3931636356438492,1.0312193971882337,2.021869155225998,0.3158001369425827,-1.3053775054890495,1.3843312818214824,0.02866601380405077,-0.6404849896967673,-0.7458271633869403,-1.311879339855196,1.8525509454066176,0.266773497476441,-0.5192264139801621,-0.285342840010378
0.9168083220118677,1.455818173797527,0.6170478049128483,0.9248463954619893,-0.8267525883907563,1.546785002682595,1.04577603508772,-1.7405499745681239,-0.9719182105928474,-0.11398821979238262,0.7266775366579635,-0.9196965662249553,0.3366020301794077,0.7455960165478998,0.2695641729751939,-0.6487921645707059,1.679026023704558,-1.4176036984214653,-2.235097099322489,-0.6019893711228171
-0.7541320255855901,-0.8248252835118458,-0.6534471612716631,-0.29674376582043444,1.18255290909483,-0.13512611779019518,1.0324810390311698,0.4075970107357335,-0.15570105327734204,-2.278949359908903,-0.8500430635881084,-0.013210146993038492,-0.5051804715516269,1.7764046701367147,-1.0153576247883576,0.014598495091047579,-0.6478356477526325,0.8902538068823922,0.6218052456303103,-0.014446391737628565
1.0090162985933564,-0.1050432577523519,-0.5755894752768111,-0.7471022675848916,-0.35961037002857216,0.1490246349364674,0.8800643807141942,-2.1939666793869264,0.7447407621674593,-0.37067480709527834,-1.3628325488380235,1.6347028460442221,0.7988435851257535,-0.4434156449456958,-0.5407982584549892,-0.3631454228126551,2.422825516806805,-2.383617415779407,-0.02822656461789965,1.2053558344078186
1.8617174736803093,-2.0757822018462844,-0.19911315650102593,0.6702759765483669,-1.0347944873714001,-1.3355238237026676,0.8221581384558392,-0.5385996568688467,-0.19636104131927587,1.253755941541669,0.30778327177449444,-0.6169578252196467,0.2222038507325449,-1.0955726780261912,-0.39222437686453937,-0.3275385205669219,0.21998437271483337,0.7101208114037282,1.2971718889023012,-1.4870828608757913
-0.696004167282951,0.8455700990297068,-1.0024856525588157,0.529101361465526,-0.7935226595002715,0.18269859459087123,-0.5873410076716282,-0.30906758192140954,-0.40977350366469306,-0.440145949098583,-0.3517809111945877,-1.672184449121153,0.6798445597343947,0.2689227293360617,1.6811271884260723,0.055317597225881074,2.563173225683982,0.2928128355146232,1.206653918828554,-0.9488602915641103
0.5055076938609462,-1.7915371951545058,-0.13713747744130642,-0.24604818252068975,-1.8472078106292482,-0.2889228689474418,-0.9761538549252275,-1.0958278249785858,-1.427020179761712,-0.9556191036410845,0.2267427146223579,-0.9070042067936771,0.37163776082584665,-0.2125756346788575,-1.2652329685148205,1.2631728577617096,-0.3600550583548216,-0.11457223867379417,0.35113748207320244,0.6536338588914529
-1.174926883686425,0.5356645064868724,0.5748484951734271,0.5683659124046997,0.6637689389709293,-0.05999034242284013,1.2905765918352599,1.5559252875332308,-0.5767310435236449,-0.11808732151912826,-0.2518160525764652,1.026517265166239,-0.18086707047780504,0.08526727309406999,-0.7605423841443495,-0.14521725144725522,0.06080612843291478,0.3026849085457625,0.058589294488653215,1.1517089047972118
0.24691460835666607,-0.5814330673656142,1.656961720313759,1.3208139939615124,-0.6694673376687555,0.9212472441155485,-0.34030037764121523,-0.01909263464156707,-0.19096263425149093,-1.374103417285681,-0.24128932913079063,0.4618675521968242,-0.38651500109137893,-1.0833230255101252,-0.46131519909738206,0.8314109968787126,1.2959914229015383,-0.1834481647621105,1.3060089319978307,-0.7558585865555726
-1.8961301196539526,0.4879897593562879,1.5803099239720533,-0.9202227635698408,0.7931793985147984,-1.3031851799326675,0.6190633280515947,0.9757347410958177,-0.567911927160161,0.1639795249023163,-0.03966007693850632,1.6935253361593883,-2.310384040211349,0.6331809530209728,-1.8679146868600505,1.0177380710424309,0.40926739007051127,-2.4260789923425268,-2.160381232843787,-0.1381613357979872
0.05986503944978819,-0.28870214593206667,0.40269433928957604,0.2679351748682455,1.3577099834928663,-1.8516219825308906,0.4942989546985966,1.9372329526520973,-1.35626629123254,0.5712536644899879,-1.7019959992499314,1.0698541402991149,0.15461424505069943,0.20838548477583585,-0.16988152798900083,-0.44526368711771563,-1.2307043390203196,0.036327652658689265,-0.34722207465948735,-0.6559803124440021
-1.4997850005522784,0.948015649163439,-0.6347438613302664,-1.2106607267064777,0.5041794403471649,-1.0996025495144148,-0.06158862685304764,-0.22066361847190677,-1.1700880779954934,-1.6870829034373933,0.9797784192674488,-1.3666267432562618,-0.9230111387016673,-0.7959098929677736,1.0628454991000114,1.541480298568405,0.09592261341057409,-0.34445210454364295,-1.1023445197616448,-0.8032144108433141
-0.3528304654593734,-0.2366037655515576,-1.387073926450206,0.1101712374213304,-1.3939386717544704,-1.5128518646993576,-0.16245884255874982,-2.1646199221403304,-1.5376531081287423,-1.1954917914071939,1.1045503986344694,1.2737836356830594,-0.41600006714668003,1.353327537917289,-1.160696580071349,-0.6612148613766344,1.9528922079674003,-0.7798966548469742,1.1877576527243192,0.3148848894032807
-1.8184999318827082,-0.761275310980207,-0.7484290757120143,0.055978389148359155,-0.05629612449371343,0.14257464134285658,-1.3079677553240945,-0.24831153258594324,0.3311935178352154,1.8307850525545724,-2.2393278415843327,0.41889110383875183,0.33798621186468647,0.9658384003350201,-0.0027066569049625628,-1.2426167843072173,-0.0278642123831258,-1.026532307708172,-0.0500239812054335,-0.6828948195569982
3.16192125529609,-1.2379395693597863,-0.7023609083773162,0.07800861679525778,1.6245778631274714,0.09072886538404035,-0.2274559381907539,0.6280223392965552,-1.1891233621441832,-0.17742305987418389,-0.39857329092088395,0.3923657934355012,0.11455209257129706,1.4510507213287491,1.4385833387417952,-0.15712186915980333,-0.43713243780675215,0.9986634371112318,1.2553492428797524,-1.1836116880549998
-0.4556864306840379,-0.954399777379345,-2.5795862629686988,-0.5446798695707752,0.5244622812138072,-0.8947181141320607,-0.11876420978954381,-0.7529444937243494,0.46163696032860696,0.20792876775768868,-0.571187620935843,-1.9776012777917118,0.2162249393276855,0.3626899173822421,-0.6350984259657974,-0.5888467088299789,-1.8852011502386328,0.45788989080751263,0.3661996607401753,-1.005561547940515
-1.8340363873845276,0.8816779796632884,-0.8255936022510306,2.2903717049506214,-0.5038163554877438,-1.07311550708707,-0.1391978615776119,0.6914976648785306,-0.7084897797343336,-0.13010964060038785,-0.31172415838406303,0.7621865037192647,-0.7350802761872958,0.06307411114531726,-1.0512738342853407,-0.0832692351430601,0.5876633533598652,-0.9319375573439005,0.24085524009235226,0.5053161483949792
0.8494686467096115,0.4443540659945576,-0.4826787481219248,0.48827850670950307,-0.3995406486647542,0.9185212618910894,-0.8603912788361071,1.0470187350223281,-0.23302751877834063,-0.8435842791031454,-1.448477629398548,-0.31336720790731654,0.3751162823324981,-1.0248284878165053,-1.3577989586325423,0.9253236415426987,0.3482988852455742,0.18090742984702043,0.5912440571862811,-0.9048836935643604
1.2565137102300763,1.1383784005981898,0.2767677390443913,-0.4464972140207445,0.6301687065835154,-0.3110941438569949,1.0922130427444279,-1.0652140143780353,-1.1641002409434538,-0.010889381549196086,-0.4172787719796968,1.4876321197427729,-0.7058500227309946,-1.7220298027697292,0.2717374062105238,0.02389100403659084,0.6764714665539386,0.33756754705321307,0.9611205730872672,-1.3449796605562316
0.5332382698281992,-1.1358514188425008,-1.6309989277517898,0.11635216481418374,-0.17607113403717978,-2.0187972526355438,-0.7167560320489718,-0.9484087892848494,-2.1052374762840995,0.28511083557046313,0.6888583198945443,-1.0498547721925038,-1.6419168843692085,-0.849596674109152,1.3441236957415978,1.1212920043375965,-1.4303235383258115,1.027169992689302,1.2417036149050205,0.5654249118560434
1.2741284800590107,-1.281581983925763,0.6040922039800738,-1.0552532507639047,0.9136496837532894,2.275272793174245,0.4404060932793656,-1.4316824917137565,-0.16621228641607158,0.18680919207808633,-0.0905778596719629,-0.3383864842946437,0.3840985419693577,-0.6228152741143063,-0.4819097717791735,-0.557453208223386,-0.3960755260469642,-2.314168574251136,0.9330404200741238,-0.5642537945496026
-0.978256159051382,-0.9242190961244411,0.03909339216709004,0.9952504884315294,-0.8548478605956584,2.0791628354899965,2.0806473098222193,0.11096012720610937,-0.7344490726867143,0.4462535237485065,-0.9756197489415747,0.1580957590519229,-1.174230016190183,-0.6138901772925182,-0.38843406825951143,-0.775961274417843,-0.010424731051044293,-0.3018297834827739,0.0213501362766561,0.2550543169506503
1.7283050424178736,-2.8788952432504784,1.0140364682458856,-0.2191080029025728,1.033572026031499,-1.2346053634788738,2.185734164824449,-1.2130515872332992,2.4148719917333517,0.9865006275335704,0.6670567838585726,0.8335652006148985,-0.6549296970412799,0.9860556267281732,0.6966175858900575,1.6701969841315754,-0.2630934679034936,-0.7709480593149617,2.190076224402461,0.054431404147072524
-0.026009020958229285,0.7211308698694059,-1.6204317644649853,3.112911837241824,0.38536666949345727,-0.10803920100476523,0.08667826798957444,0.32619991098316825,0.8284646584814153,0.9539027382061955,0.46501837741875907,0.39122776301667894,-0.15694294086607463,-0.20721427489733107,1.4029230185523163,1.1430259381064247,-0.5355902440136303,-0.1537355629439258,-0.25966006037752787,0.2984596986028846
-0.29320619058722663,1.1113797752171042,0.9553574063041917,2.4731138235943253,0.28436150676980565,-0.5851986091669856,-0.6563125312483968,-1.5908116925080125,2.162690492610673,-0.01784333107818143,1.3028762134108094,-0.13059100738562082,-1.1485603654667242,1.7571852768875427,-1.760797013370157,-0.7553054419071761,-0.1950697271115894,0.23065597979370353,0.8011770806731906,0.131105523501017
0.32186488731065677,0.49303208873805926,0.4335503169714977,-0.9166154180030884,-0.7377104718544036,-0.6422349290133171,-0.703234420934156,2.174973926428324,-0.4131321765204771,0.6344807163023675,1.9194337138206041,-1.3811500250995286,0.3792106397033911,-0.1227007863545794,-0.45572763361502233,0.657642552643451,0.2696812297652608,-0.41725167459540624,0.2862659156232796,0.10635151962228089
0.5896013850622807,1.9104881655263537,0.6388513986916597,-0.00861332704823776,-0.9390217055546244,-0.19858100290127403,-1.6061841988754406,-1.0279091527039241,-0.06644155084987895,0.9183647589723573,0.9772465660817675,-1.4321485919192436,-0.13100516141758564,-1.1392692237526145,0.5561333260464651,1.2367926837268925,-1.6941859070372525,0.45410379774067655,0.2362817138263264,-0.3074312735871889
1.2553305234014451,0.3427014511742794,0.8085500585308936,-1.6660633742437132,1.7529381226962149,1.0230354418794323,-0.18156110970888856,0.20550601431610924,1.0420513077282783,1.4439843952096685,-1.6754375214672443,-1.362657703797028,-0.2765852981825166,-0.5001999693867327,0.9090517379510464,0.9691357250641045,-1.0485256127363436,-1.418311076066486,0.43202493810732556,-1.2734070164845763
-0.9888122027773336,0.004027011107378601,1.4653947959906484,-0.0091018124480025,-1.0238738214859853,-1.6814567336900148,1.9792322047970086,-0.13203660818236856,0.8132808508124791,-0.867476886774158,-1.177038004166777,0.05185138322749231,0.5364245137046108,1.3463292072114883,-0.24664402446385164,-1.21466195998806,-0.8797392866621194,-0.4156488860974738,-0.3952239425805232,-0.2545567306768255
-0.31174592854779143,1.7072111187115049,-0.07552663964934683,-0.6607268472840526,-0.8861179746375424,-1.0431413470149615,0.4202228472247992,0.4077620637458211,0.15145592504823416,0.562387840221166,-0.1913242279001539,-0.11565364906273755,1.0234007043120448,-1.2839506968461334,0.745032464665668,-0.8798722253331946,-0.7157493301824963,-1.0793691726528083,0.431390177894896,-0.09916858327625144
1.4019701096761814,-2.408277977274884,0.4545230981412837,1.201954530089805,0.4659902171554282,0.8985872495817724,0.38725335361074636,-1.1953508911782695,-0.7295428451506673,-0.904352172455497,-0.5263972729621709,-1.5080249865623352,-0.6502076445450783,-0.02917596883803324,-0.41349040397300674,0.49507113356403637,0.6759743213560437,1.12588759428088,-0.7328031038788085,-0.5770342715954299
1.2228491308803209,0.6661640326964074,0.900271345333632,0.965334607511614,-2.6854306285713205,-0.1184446663548776,1.577742829995595,0.35500834491016675,-0.11125711224038103,1.368882796701453,-0.6007981808741831,1.0528948988728055,-1.0450516644295307,-0.11826193498480031,0.21160251073940609,1.4146401579788435,-0.12402215050546447,0.7687270994523188,1.1243521981731384,0.18976484375065023
-1.241539598890394,1.7100094343254815,1.6848530583205448,-1.0357269788443406,1.573312245711175,0.6499355012754394,-1.5619317715991967,-0.3176749239198093,0.020688832074708435,1.6492114041804393,-0.41382190642374267,0.624863242442626,0.865322533480648,0.2456260809038278,-0.27214634486066597,2.135153489316951,-0.5569623975352669,-0.843245885565188,0.17934772237802232,-0.15278698564503332
1.3636676762106452,0.028311916423168177,1.4618779371739246,2.6141741117673813,-0.7994002098690184,0.4259151813561439,0.15259818588421378,-0.8817656221171744,0.8592456556788829,0.5728389998066545,0.6268430900398382,-0.9715495054160835,-1.3649588109372082,-0.33154610348999386,-0.3994037502833263,0.9385934235128202,0.6106971884830854,-2.471429297330567,-0.28954329957613717,-0.7415845054933469
-0.4557734358017592,-1.1375619120055338,-0.4454002402964473,0.9435635700414811,-0.18088080275062884,-1.292064813894728,-1.0421302804392056,-0.9697543203954416,0.6394837953861249,1.0004976252458944,-0.10088754984615979,0.582985119528237,-0.5417924939985095,-0.1261815845451421,-1.1714427508426686,1.2279953004336615,1.0275922741917787,0.04354315701913545,1.3971300103413078,0.05239353248317886
1.0838129254075464,-0.4271365332720748,-0.17094206627810327,0.012198614208345294,-0.855594212894735,0.3747825479782673,-0.9002882796175321,0.4324583071381926,-0.2517034946714159,-0.16059665826820874,-0.5198577905058288,1.4720954777162347,0.8963126403899716,0.2706334872406409,-1.031890137777653,-1.8447882877245951,0.6037360850553938,-0.15534860477357232,-1.7228380509133208,-0.321862214120637
-0.06057144645065482,-1.843632856677905,0.9568367348470057,0.3851134660536373,-0.1353542981598796,0.08038865289773423,-0.21398073047475988,0.314285989873926,-0.7775693903616437,-0.3071738782711442,0.44815193042854423,-1.4658412342176894,-1.394146619819009,-2.236595071053052,-0.16662873668789155,1.2007064809759924,1.1895515315873548,-0.691325550636565,0.807707803193653,-0.04269035508034948
1.9568607254133843,1.9564673689393048,0.2668403482554957,-0.757979250691139,-1.4376395968721773,-1.4579330953113148,1.2199652730347146,2.049652720764578,-0.853130221282545,-0.2867701318959873,1.8790354626448114,0.3755398148098443,-0.6029647039159578,0.9532033339752973,-0.911206916412832,0.4927072314208533,1.7869542522014594,-0.6917396720929906,1.2992224369145333,-1.2785787615536737
0.20876443030153807,-1.6042055894180862,-1.4850650678728665,0.3303634055833366,-0.7579817468900055,0.4024621976701787,0.08205396059954273,-0.043942799700963556,0.007714796791834966,-0.21155390227308477,-0.9716494220939609,0.363845917979794,-0.9134831320106662,0.25224825186897365,0.7707364703873689,0.8041132731405137,0.2782547795011524,-0.2639584355118154,-0.7102568610394916,-0.753790811936257
-0.06091048510632861,-0.4010635588982973,-2.6306148384968857,0.9948355741535958,0.057767355536223766,0.5268707850798791,-0.724649593374088,-1.89843742670639,1.4390618481805324,0.4589190197980531,-2.1942957130706495,0.040745392587421846,-0.9644179358689546,0.6999203251466553,-0.21336443187611337,-1.4316874089365765,0.15526897682621094,1.1814328680238624,0.5290078098993429,-0.13150703131669267
0.04793779468819083,-0.6823831251977505,-0.9820515711599938,0.8099376579011326,-0.08451259880379995,-1.4303703732578104,0.22149733842976083,1.2052827218798496,0.5841478193194167,-0.5418291284424277,-1.113947701011679,-1.0214264090496774,-0.6585869942137211,-0.9872507784654593,-0.626973935198293,-0.8160806201053485,0.4355923670275713,-0.7295849059951683,1.2816363686211603,0.17474964729763603
1.5953477784787469,0.14124959116704794,-1.3927553242193798,-0.3265644441130024,0.3537605119579981,2.263555133199884,0.3221179016321017,-0.5807630461768677,-1.2626509421253684,-1.4179708642864102,-0.8741333630525228,-0.2719164231964843,1.1585268010989709,-0.7014529735595446,-0.923879773713501,1.8708720863658086,-0.37008986327386006,-0.92706918759142,-0.4791072848831797,-1.0854088134054136
1.550036236296653,0.6292371142277035,-0.4948749948520193,1.3500240007917563,0.07480465383157522,0.47055919051463035,0.26182714172688965,-0.5674123754511903,0.10623237476614487,-0.895502519165606,0.9664238630898185,-1.21908308251375,0.18063570460529882,-2.252366622841654,0.24087419865652046,-0.3490673993785066,2.258314866180145,-0.6010876843917273,-0.5399500139218968,-0.17516402224260505
0.7399505488255452,0.42267149184225844,0.28256572432046195,0.025254022760679482,-0.9663958921361195,1.1868190774082592,1.246467346868021,-0.1073578928471822,0.3013078438822286,-1.4852973989814306,0.44026741975645334,0.11617376545911619,0.1426892729861297,-1.7350680092675557,-0.572629233942057,-2.229292892588027,0.264110706897241,0.6329829765164416,1.0758287541658424,2.5179108847219993
-0.15289945055803425,-0.39988903143179655,0.22918029359974246,-0.10020721161446736,-1.9142334437634065,1.2822104509804,0.9361911378028469,0.6655664663189134,0.7305330981711682,-1.3040196182148729,-0.9037325907971256,0.8638964488585064,-0.43842396280896573,-1.5434972948519157,-0.8380185713961503,0.6023996202674226,-1.9424813131151972,0.8417122371200294,1.4527352457239981,-1.0573960569481407
-0.4807746402869375,-0.11283226195505557,-1.5772323511682274,1.63468356861177,-0.4475097424177719,-1.3359562872572126,-0.8357854549153032,-0.6670290776161918,-0.3813329566187502,-0.0674813375401042,0.14374204507137137,-0.05966589699279575,0.9918608284319309,1.928876117032922,-0.38740126145276826,0.5107754733448101,-0.38696093783878033,2.078922879503863,-1.4989436663523712,-0.7148159402651082
-0.4468456966686468,-0.37819323447387876,0.22388316781264805,0.12081727232031184,-0.660011985619802,0.32086975518897803,0.22526837833696323,-1.261400391275611,-0.4192840887780789,1.4624230233687345,0.55407869055599,-0.12320354945495782,0.5890715190586944,-0.7703433071763768,-0.6323930911864241,0.7311096902489183,-0.23070343763769963,0.6327924810107378,0.37577589110087606,1.5065118013086156
0.22052357891862434,1.460003528172753,1.4748838945154803,-1.030797172571265,-0.8200864408102465,-1.0854620435067743,-1.9632227787666074,0.6110569369459361,-0.08569071168695286,2.0306703851669283,0.2609534907828828,-0.134315769216459,0.12258033518636473,-0.8113227098641292,-0.09810914282000475,0.5671710351321512,0.166512219612771,0.5348322732213187,-2.839964737425187,1.3184265473767622
-0.18684756410215408,-0.8558462368832774,-0.5043434425486618,1.318739110013134,0.5687161106006151,-0.590352435858134,1.6734584314663108,-0.9742759773783609,-0.3059884823950245,-0.6299623754512632,-0.038981831498749134,0.32896199656353264,-0.8927324648627591,0.6314523081906005,-1.012991909321189,-0.8468187522213505,2.2812776457863047,-0.39676980572260173,-0.17010997686475007,0.3623844321165953
-0.46271946536511704,0.7632617616394265,1.0986886663872792,-0.7525420405157728,-1.5633381313653902,-0.07602020029878713,0.10370018322290797,0.6977801162646885,-0.17222199087064932,-0.04609447174025864,0.387514980021676,1.090874291553355,0.2667806887322929,-2.4255553038658553,0.2929538956406685,0.6107452751595851,-0.6652923480367883,-0.4939420566559119,-0.5134700753555766,0.4648064399711607
1.1293293486009541,-0.47761278295517035,-1.184138544781205,1.9449503285568386,0.3976158510272699,1.0898672863874161,-1.8488107293826128,-0.31467976128599523,0.3680006117506716,-0.6087823304314848,-1.4179047913259704,-0.051135306840953285,-0.8609245568632421,1.8269647720127962,-1.0346483098537875,0.8939815455214649,-2.013222057488416,-0.37363904861407454,-0.8182262445147618,-0.9869298925967519
0.6504678327006025,1.5062875780223912,0.5592208928547537,0.6466227293023952,-0.24118433870110753,1.2139011958790438,1.4474902405133876,0.726975261227751,0.6906223065152313,-0.3042737081435073,-1.9161689866516698,-1.2834334533485523,1.9527479909435457,-0.4612807033648263,1.2886707779320152,-0.8035918078005442,-0.06443491542942639,0.15677610738491626,0.14668551790232584,0.12089272846091867
0.02188552054085237,1.1530285003426737,0.5897575616008599,0.5228475828403298,-0.15166279642395297,2.109513240559624,1.1347942722254374,0.34775810361619824,0.41656145515960874,1.4646024225587404,-0.8298276580882429,-0.8745740262066525,-0.7066121156592498,1.1110822838391083,-0.6205722932257164,-1.4459661668565726,0.8379986383774067,-1.1855513467078693,-0.6124016045688938,-0.570309669021958
1.430749709680679,-0.46238057811135097,-0.7633378479448024,1.2185541577768855,-0.14497585813762373,-0.5862519662958293,0.2838698784844601,-0.5801150605104596,0.46955907877424813,0.716403085921291,-0.027945235899462843,0.254920192229204,1.2148814332618316,1.4674095948536394,0.3822282204487725,0.04694442764780849,0.992109199368469,-0.09199248060366244,1.2116282966251006,0.15972386499090974
-0.47138906625688687,2.228786329620259,1.430058610295355,-0.4229659444188442,-0.7053605363217774,1.8221236152306053,-0.7599044588044619,-0.5916472495932231,0.4065227507410248,-0.8480769973409062,-0.3275724841119234,-1.6445129093241546,-0.5538233961696571,-0.36615370890629234,0.01024028903668794,-0.9232909115226142,0.8090174780013534,0.44011880334849457,-0.32327772720696457,0.9434473158491757
-0.19845418614732768,-0.3812368601453209,1.2840373131637446,0.16072745598239507,-0.13455896607270398,-0.6249031110922643,-1.7090658142163377,0.6015783405708796,2.1654654285588273,-1.237102869240415,-1.0871789534104561,1.0386576443927305,0.900800508142745,-1.9730694589388789,-0.05788197605587662,-0.1982374721007138,-0.48991211843090987,1.0907791423621633,-1.5213598596329785,0.5035965534127208
0.7546143632164768,-0.27047939384307307,1.250036027512778,-1.3450426130884117,1.8198094476091975,-0.29356765057697787,0.20749068264320797,-1.3353849879291362,-1.8317108457874656,0.9607151666714452,-0.3799476077205973,-1.6127154026974682,-0.0915904334223011,-0.6888117768276383,0.797543281333536,-0.028118610225247306,0.35941557100492366,0.5942496465230934,0.4085564156450397,0.10156001561457682
1.7700171258176252,-0.4766921026018236,-1.1594609567591154,0.1531780890377386,-0.03261546927118293,0.18357293562498467,-0.3285661711183807,1.4887746156919548,-2.88985029391954,1.0535577794354751,1.9231745631988728,-0.696825197066012,-0.6339130618696641,-0.034654136528048475,0.5239285933500263,-0.7647252564190122,-0.19397388258079504,0.7219215362717822,0.1894307871817579,-1.7706093082365222
-0.41270867072530876,0.7100964713210594,1.4662288522394233,-2.0592811988273136,-0.9914752334731889,-0.3649056073044925,0.49772110231275735,0.6697037829499106,-0.11036602859179562,0.2658068564090263,-1.1319759480911984,1.4054637729345214,0.6701029595346242,-0.9952743577311242,-1.3190128710102869,0.41897849374313806,-0.2616603950141263,-0.6067894475617432,0.3849685209316771,0.8163878046681735
-0.34365032934496353,1.0851478259481415,-0.24648879355452985,-0.5610565758651954,0.7701772284968897,0.04363873354237279,-1.2053105371112849,-0.9226495785848111,-1.778134517487589,1.1869195116461988,-1.7515963601977256,-2.44166886753447,-0.6537272017787824,0.18069128546460966,0.9348422034590428,-0.5242792101332094,-0.7177163664304765,-1.997058942251462,1.299385611399743,-0.5201417923447956
0.190204200780166,-0.5785329300549813,-0.36946312646311685,-1.3706449759472537,0.3817894389609439,1.5546748415775342,-1.0841593282521194,0.21530372558750308,0.4955300645318118,0.8092369663693184,-1.1718993901635228,-0.20284408344900526,1.1534893212714048,0.3905950127623673,1.0150935469893436,-0.4632300002476686,-0.37757091587448816,0.04695046067868424,1.4837137512775946,0.6818861945001082
0.7243474131090473,0.43329337029092496,0.6733701330197148,-0.712811662053238,-1.2333464698637526,0.8692695521339722,1.3301751306376286,-0.4146665833833773,-1.0365863418158159,-0.44485747094261663,-1.4050746425409606,0.19414757629451557,0.2918732808114297,-1.7384166103381857,-0.3387887058337535,0.5371270684731831,0.22491390424346142,-0.4457068127882135,0.4560098047776684,0.7742738421975327
0.9660588467760716,0.027276673006142026,0.3233300202521019,-1.7932664690819773,0.23800017161287282,-1.1519996874404115,0.6648325126388205,0.7300041450556377,1.2547991292978617,1.6301903955379333,0.8050738191581681,-1.1529309048896992,-0.21921411821451992,0.27589109887992075,-0.4038802078278106,-0.021078719774887438,-1.4843043483444385,-1.106125304821345,0.9613870807536158,0.17792015356604526
0.6516379481846628,0.20643419031379612,-0.12695935666988697,0.9357720231806753,0.09270122669297923,0.2763436805939506,-1.8072720137558007,-0.7372221576439028,0.43385339698164543,0.5440126374042566,2.283080416955923,1.504899907469249,1.6803219391445685,0.6802350988887979,-1.2160178704539994,0.5922822755376457,0.8006880306291239,-0.8011434315502092,-0.3500106497574948,2.2807185914799777
0.43542914492577867,-0.2990076565051016,-0.2509031899855984,-0.582734576518564,-0.5398530889952852,-0.558257517757211,0.5145209718946652,-1.0531413445859423,0.2237000625314786,-0.08665079929430539,1.4818738165405851,0.6378559613372847,-1.199570177481799,-1.2471855739756303,1.4058628623340672,0.7136481478044367,1.0625687317328962,0.11753922707958986,-0.7227140914677349,-0.28551367736701155
2.3260019818983695,1.054205332161899,-0.4180546016029436,-0.11973730631198345,-1.7518028888913242,0.8749624132555746,0.744103905346723,-0.6107993126641821,0.5250319054702308,0.8426078941475832,0.04829221167634596,0.6572792332158786,0.014084994808378758,-0.3728010817909319,0.9687879797607276,1.514603669065935,-0.9698462962890961,1.33476916206959,0.21194992941182478,-0.23089222579226323
-1.3100203415439335,-0.31233027312104766,-1.240249924743577,0.11682730356031315,0.7186852752280856,-0.08955315337734569,-0.3067132212292995,1.8945334744235318,0.07406238310497824,0.17395719030394696,-0.24077340017315155,-0.8742052619459316,-2.094925447919153,-1.311046930718064,1.1656110450325863,1.2042365662362209,0.33100141386960186,-1.7271981113421713,0.7415450234975308,1.1022620562003203
-1.123675383874883,0.9390510415165919,0.7248362794233978,0.21720093572164798,-0.5511077553836661,0.6542301395112402,-0.5231524026171182,0.5059335352388558,-0.22292223318852233,-0.10819845185740289,-1.7101418899553256,1.3909487329798458,-0.5176165461401244,-0.9714384017981932,-0.49616944886282494,1.6639643025775555,0.5923561411467875,0.054188637685113616,-0.0638944313788845,0.5606471674421027
0.7717049573447341,0.4341577613452771,0.2558689278558395,-0.52080938165204,1.5665452971241172,-0.900719451849877,0.5495191938109828,0.8781773067724618,-1.2527926486226917,-1.0133872556118146,-1.1599365803368786,-0.48384720753902627,-0.395605214500926,1.5229313551651125,0.18146591410684634,-0.6772375274026207,-0.17416220288486298,-1.2118210705963204,-0.0585879850437506,-2.3457771240781793
0.41835838902219685,0.050674970110866566,-0.4365355485701265,0.010615579319987084,0.3924779995034985,0.05252979775186767,0.06989270748125993,0.013620696049137205,-0.5027529820783295,1.4602651057920977,-0.8615711831783965,0.05281736840736672,0.7106600118255686,-1.6958340011539303,0.6961170622797134,0.74904425010556,-0.6163026752718702,0.0456401270990335,1.3224415073230762,-1.5462900856916353
1.270513999001694,1.519402996479224,-1.017379065296866,0.1727934329588182,0.5462027344097059,-0.9113915794429168,0.5156928599036755,0.27666969661139873,0.3982449249045352,-0.28794377599236864,0.4183213730279193,-0.5905127124014201,-0.03143215811843017,0.555503812202553,0.8348706927719236,0.24772601996246943,0.129811001059563,0.5983572416324999,-0.07199468395535996,1.1859827866354067
-1.4857849437075326,-1.316548487181656,1.63568979958702,1.4069846950737712,-0.9654142928411503,-0.6533267444725611,0.43799177289155544,-0.7005943718199229,-1.451829752384388,-0.21727236479679843,-0.8564437025559175,0.08525916200663876,1.249668761111584,0.05917642935922477,0.3053805779696205,-0.24065848838392775,-1.4306386701354794,-1.4353773473839795,-0.1878455532866682,-0.972855648431218
1.4146428147741625,-0.9281194763744384,-0.3996313218504641,0.21363483379419856,-1.2962047594707584,0.5946782594421095,0.023405080967568073,0.59126770807768,0.049818445405741374,-1.2491713492890624,1.3622001476942625,0.03025561826983517,-0.14057285605845518,1.054432873820769,-0.4121242609464781,-0.24874485706248542,0.18851908734855333,-0.18412666267086825,1.7337016194372559,0.13558985454485012
1.3117944519891211,1.9342746666152244,1.5764603031343007,-1.127087112558412,0.9295734443504724,-1.5172805947025005,0.9495680446635123,-0.13506291463972825,-0.4725710607441766,1.6527900938600333,-0.34427041293453053,0.17741521560720913,-1.6216222207516062,2.330065286465494,-0.43171565843340953,-0.29667108931659714,0.3336096317483381,1.5614093517444942,0.5238554901610746,0.04563131423699565
0.6396750393937596,1.00262066325392,-0.47080237537077935,-0.5531566656721827,-0.7831998745782413,1.1904491094219753,-2.134997116252583,-0.5939982804571716,1.985575758085376,-1.43859924547601,0.16471321774270983,-1.9992910621410278,-0.9834822501080498,-0.6134893038386682,-0.0065041547338596855,0.4441867712298289,-1.6695058837066559,-1.1663407310708522,1.6551188590022743,-0.22113787429695833
1.1373121720120993,0.779824116369828,-0.12477807360126972,0.7261331145644833,-0.8627507425671025,0.45142576283625363,0.11912916704820185,-1.1251447602389195,-0.7026707879004804,0.21915388853590212,-1.0790915526273537,0.14742351787082048,0.03998940288906365,-1.237516123799474,2.0006397469803523,-0.05234134942338041,0.18896210315753345,-0.08666031355507933,-0.7847962334720887,0.6834105349710454
0.22305282764698825,-0.7509347164883112,0.5495751104353755,0.40581741694217943,0.04111575533148809,0.23636939783628932,-0.783249455230407,-3.6367276056544253,-1.229226478214159,2.2850342677101194,-1.6689627697871694,2.341619795732399,-0.8469788353873509,2.099000141286636,-1.5400384301308467,-0.1755457957933224,-1.166860738121342,-1.3128714373519623,-1.4352373780243144,1.0024537016282105
-1.6897019575786534,0.012508902924978048,0.8602742429945037,-0.5641314559924664,-0.1021420085266851,0.9464589338309864,1.1911429947900707,0.0972057739514852,0.20120210571318997,0.3282773144361961,-0.520564317703519,1.6207594303409398,1.1497490246444269,1.2348048289174551,2.2501785472349787,0.9545881601750114,-0.5283905159600801,-1.4670852565590824,0.9038020893441979,-0.5992699000985863
-0.7320338872140694,0.13266133778962297,1.6103857918464632,-0.06463628785033815,1.4299603112988646,-2.181162098174931,-0.08406293105919108,-0.30229465553401885,-1.7386836573223499,-1.6511001263412293,-0.5600702329493054,1.356018528460804,2.7560576329024804,-1.189919839078195,-0.8137712378297534,-1.1107456454594096,0.15440489526928186,-0.7468660330896745,1.8088071491657804,-0.05922433462403805
-0.5645627409908519,-0.33060631195659107,-0.06401290140990935,-0.6655189539315387,0.49842754379797066,0.15321681077341415,-0.7116910988514666,-1.1263709976730323,-0.5781241054876916,1.0012883251908338,1.1460408213342859,-1.3487086590735655,0.5337306840745678,0.3818802990820258,0.04887812090761905,-0.2994488548883009,-1.0327441906809314,-0.7898319646521301,1.0024238417055922,0.4804653314978515
0.9905301172505743,-0.781913297678883,-0.020693351012479093,-0.6070059185504679,1.4291593434533085,-1.3072276919064485,0.6165899969330674,-0.7990110449147654,-0.8048367173198969,0.2745597622858845,0.35020448802016224,-1.0477020224329152,0.35476507359539783,-0.8754748875865324,1.5479659356519146,-0.9908364319188164,-1.3234523042661814,0.25643370909183627,-0.07627030716503196,-0.3935485109570329
-0.5773039608415781,-0.8524628750228785,0.3657277923376938,-1.068604915778733,1.096017799093892,-2.7880283305688334,0.8836636421064301,-1.386476524722762,0.477753822623214,0.5059888525928468,-1.0256050103033418,-0.7630589863734839,0.029931698498865466,1.1358410696582455,0.39112605013570717,-0.5342960203194086,-1.1064463133812514,-1.4590905646458106,0.01724440399900047,0.6137808582151736
-1.6318284851981955,-0.09359406309633969,-0.799562937630869,1.1001557905639727,0.6576082449084757,1.3224539811194314,0.05880510657613202,0.004697644606883751,-0.014249900035473394,0.48336465551602364,0.47455914221577966,-0.19407441736714834,-0.5444032153278993,-0.9089230038360836,0.7556477045159331,0.22213163664398275,-0.948918835115333,-0.07999509685411617,1.640708238054638,0.6503408783135302
-0.5933240892329495,-0.4652761710855726,0.9604784399252541,1.5294503451029084,1.8144642250124077,-0.3424920222512192,-1.1254238913489947,-0.14920582536792062,-0.8059101583249051,-0.5590824017617239,1.0311152843260654,-0.7333041681288448,-2.7195441875211586,0.2144279957576017,0.3543724113116671,0.3932525209572732,-1.2386110594672668,-0.5930936984186767,-1.4561813999290483,0.9006981653511958
1.5054799833424988,-0.6686873394545838,1.263711950368751,-0.40689737451875146,-0.9542621727859847,2.2724652410219295,-1.3886964434198135,0.6191715822555331,0.23488917045977017,-0.2966629346616616,0.942890236215858,1.0615997164782236,0.6484914159812305,0.12246924411117463,-0.6763043696240137,-0.39056123109680385,0.054121553460590735,-3.432538613494126,-3.1944217132813097,0.1076581593844969
-0.4840872532172019,-0.6157284581875206,-0.02919577433532181,0.8494631030823355,-0.7487163288396084,-1.1897596372283232,-0.6718873184383691,-0.9198620341776089,0.055718779047502935,-1.1820242374770078,-1.0903315598126135,0.8270178687076793,-0.10049638469595334,-1.656270745538772,0.3565118170990894,0.26993527834262804,-1.1526033629900256,0.4731087153407185,0.643635049728466,1.7463032452480662
